bed,bath,square,city,year_built,home_type,price
2.0,1.0,827.0,Hoboken,,,3200.0
1.0,1.0,733.0,Hoboken,,,3350.0
2.0,1.5,1006.0,Hoboken,,,4500.0
3.0,1.5,1423.0,Hoboken,,,6300.0
2.0,2.0,1006.0,Hoboken,,,2900.0
1.0,1.0,500.0,Hoboken,,,1800.0
1.0,1.0,733.0,Hoboken,,,2000.0
2.0,1.0,1006.0,Hoboken,,,1850.0
0.0,1.0,640.0,Hoboken,,,2711.0
1.0,1.0,733.0,Hoboken,,,3023.0
2.0,1.5,1006.0,Hoboken,,,3801.0
3.0,1.5,1423.0,Hoboken,,,5324.0
1.0,1.0,500.0,Hoboken,,,1800.0
0.0,1.0,640.0,Hoboken,,,2790.0
1.0,1.0,733.0,Hoboken,,,3270.0
2.0,1.5,1006.0,Hoboken,,,3920.0
1.0,1.0,733.0,Hoboken,,,2899.0
2.0,1.5,1006.0,Hoboken,,,3350.0
1.0,1.0,733.0,Hoboken,,,2704.0
2.0,1.5,1006.0,Hoboken,,,4523.0
3.0,1.5,1423.0,Hoboken,,,5536.0
2.0,2.0,1000.0,Hoboken,,,2900.0
0.0,1.0,500.0,Hoboken,,,1800.0
2.0,1.0,1049.0,Hoboken,,,2500.0
1.0,1.0,653.0,Hoboken,,,2500.0
2.0,2.0,1050.0,Hoboken,,,3100.0
2.0,2.0,1050.0,Hoboken,,,3100.0
1.0,1.0,654.0,Hoboken,,,2369.0
2.0,1.5,1006.0,Hoboken,,,3295.0
3.0,2.0,1475.0,Hoboken,,,4875.0
1.0,1.0,733.0,Hoboken,,,2920.0
3.0,1.5,1423.0,Hoboken,,,4550.0
1.0,1.0,875.0,Hoboken,,,2975.0
2.0,1.5,1006.0,Hoboken,,,3455.0
1.0,1.0,733.0,Hoboken,,,2933.0
2.0,1.5,1006.0,Hoboken,,,3506.0
3.0,1.5,1423.0,Hoboken,,,4793.0
1.0,1.0,733.0,Hoboken,,,2939.0
2.0,1.5,1006.0,Hoboken,,,3973.0
1.0,1.0,733.0,Hoboken,,,2900.0
2.0,1.5,1006.0,Hoboken,,,3850.0
2.0,1.5,1006.0,Hoboken,,,3575.0
1.0,1.0,733.0,Hoboken,,,3269.0
2.0,1.5,1006.0,Hoboken,,,4059.0
3.0,1.5,1423.0,Hoboken,,,5800.0
2.0,1.0,900.0,Hoboken,1,CONDO,2750.0
1.0,1.0,733.0,Hoboken,,,3100.0
2.0,1.5,1006.0,Hoboken,,,4500.0
2.0,1.5,1006.0,Hoboken,,,3525.0
1.0,1.0,733.0,Hoboken,1,APARTMENT,2100.0
2.0,2.0,988.0,Hoboken,1901,APARTMENT,3000.0
2.0,1.5,1006.0,Hoboken,,,3965.0
1.0,1.0,733.0,Hoboken,,,3205.0
2.0,1.5,1006.0,Hoboken,,,4020.0
0.0,1.0,640.0,Jersey City,,,3615.0
1.0,1.0,733.0,Jersey City,,,2979.0
2.0,1.5,1006.0,Jersey City,,,3500.0
3.0,1.5,1423.0,Jersey City,,,5266.0
1.0,1.0,733.0,Hoboken,,,2300.0
1.0,1.0,733.0,Hoboken,,,2705.0
2.0,1.5,1006.0,Hoboken,,,3490.0
3.0,1.5,1423.0,Hoboken,,,4800.0
2.0,1.0,950.0,Hoboken,1,CONDO,2650.0
1.0,1.0,733.0,Hoboken,,,2860.0
2.0,1.5,1006.0,Hoboken,,,4280.0
0.0,1.0,600.0,Hoboken,2010,APARTMENT,1850.0
1.0,1.0,733.0,Hoboken,,,2200.0
2.0,1.5,1006.0,Hoboken,,,2700.0
2.0,1.0,1060.0,Hoboken,1,APARTMENT,3600.0
3.0,1.5,1423.0,Hoboken,,,2900.0
1.0,1.0,733.0,Hoboken,,,2000.0
3.0,1.0,850.0,Hoboken,1,APARTMENT,2150.0
2.0,1.5,1006.0,Hoboken,,,2850.0
1.0,1.0,733.0,Hoboken,,,3000.0
2.0,1.5,1006.0,Hoboken,,,4550.0
1.0,1.0,750.0,Hoboken,1,APARTMENT,1895.0
2.0,1.5,1006.0,Hoboken,,,2600.0
2.0,1.5,1006.0,Hoboken,,,2500.0
2.0,2.0,1175.0,Hoboken,1,APARTMENT,3750.0
2.0,2.0,1050.0,Hoboken,1,APARTMENT,2900.0
3.0,1.0,1100.0,Hoboken,1,APARTMENT,2100.0
2.0,1.5,1006.0,Hoboken,,,4125.0
1.0,1.0,733.0,Hoboken,,,3210.0
3.0,1.5,1423.0,Hoboken,,,6020.0
1.0,1.0,733.0,Hoboken,,,2900.0
2.0,1.5,1006.0,Hoboken,,,4340.0
1.0,1.0,600.0,Hoboken,1,APARTMENT,1700.0
2.0,2.0,1000.0,Hoboken,1,CONDO,3000.0
2.0,1.0,1300.0,Hoboken,1,APARTMENT,2850.0
3.0,1.0,1100.0,Hoboken,1,APARTMENT,2695.0
1.0,1.0,733.0,Hoboken,,,3158.0
2.0,1.5,1006.0,Hoboken,,,3593.0
3.0,1.5,1423.0,Hoboken,,,4867.0
2.0,1.0,1200.0,Hoboken,1,APARTMENT,2450.0
2.0,2.0,916.0,Hoboken,2002,APARTMENT,3150.0
0.0,1.0,575.0,Hoboken,1,APARTMENT,2350.0
1.0,1.0,775.0,Hoboken,1,APARTMENT,2950.0
4.0,2.0,1400.0,Hoboken,1,APARTMENT,3950.0
3.0,1.0,1423.0,Hoboken,1,APARTMENT,2900.0
1.0,1.0,733.0,Hoboken,1,APARTMENT,2000.0
1.0,1.0,733.0,Hoboken,1,APARTMENT,1550.0
1.0,1.0,600.0,Hoboken,1,MULTI_FAMILY,2250.0
1.0,1.0,733.0,Hoboken,,,1550.0
2.0,1.5,1006.0,Hoboken,,,1750.0
1.0,1.0,733.0,Hoboken,1,APARTMENT,2175.0
2.0,1.5,1100.0,Hoboken,1889,APARTMENT,3000.0
1.0,1.0,860.0,Hoboken,1901,APARTMENT,2750.0
2.0,1.0,1006.0,Hoboken,,,2700.0
2.0,1.0,1006.0,Hoboken,,,2600.0
1.0,2.0,1080.0,Hoboken,,,3750.0
1.0,1.0,733.0,Hoboken,,,2600.0
3.0,1.0,1423.0,Hoboken,,,3300.0
2.0,1.5,950.0,Hoboken,,,3195.0
2.0,2.0,1200.0,Hoboken,,,3250.0
2.0,1.0,1006.0,Hoboken,,,2750.0
2.0,1.5,1006.0,Hoboken,,,3975.0
3.0,1.5,1423.0,Hoboken,,,4950.0
4.0,2.0,1500.0,Hoboken,,,4000.0
2.0,2.0,1006.0,Hoboken,,,2800.0
1.0,1.0,733.0,Hoboken,,,2150.0
2.0,2.0,1006.0,Hoboken,,,2550.0
2.0,2.0,1116.0,Hoboken,,,3300.0
2.0,1.5,1060.0,Hoboken,,,3600.0
2.0,1.0,850.0,Hoboken,,,2900.0
1.0,1.0,600.0,Hoboken,,,2200.0
1.0,1.0,733.0,Hoboken,,,3064.0
2.0,1.5,1006.0,Hoboken,,,3621.0
3.0,1.5,1423.0,Hoboken,,,5048.0
1.0,1.0,670.0,Hoboken,,,2200.0
2.0,1.5,1006.0,Hoboken,,,2600.0
2.0,1.0,850.0,Hoboken,,,2275.0
3.0,1.0,1200.0,Hoboken,,,2790.0
2.0,1.0,1020.0,Hoboken,,,3500.0
2.0,1.5,1006.0,Hoboken,,,2650.0
3.0,1.5,1423.0,Hoboken,,,4950.0
2.0,1.0,850.0,Hoboken,,,2650.0
2.0,2.0,1548.0,Hoboken,,,4583.0
2.0,1.0,700.0,HOBOKEN,,,2800.0
1.0,1.0,514.0,Hoboken,,,2235.0
2.0,1.0,1250.0,Jersey City,,,3300.0
0.0,1.0,570.0,Hoboken,,,2190.0
1.0,1.0,800.0,Hoboken,,,2890.0
3.0,2.0,1500.0,Hoboken,,,4890.0
4.0,2.0,1654.0,Hoboken,,,4200.0
2.0,2.0,1200.0,Hoboken,,,3590.0
3.0,1.5,1423.0,Hoboken,,,2600.0
2.0,2.0,900.0,Hoboken,,,2900.0
2.0,2.0,1200.0,Hoboken,,,3790.0
1.0,1.0,733.0,Hoboken,,,1650.0
1.0,1.0,1012.0,Jersey city,,,3000.0
2.0,1.0,880.0,Hoboken,,,2550.0
1.0,1.0,733.0,Hoboken,,,2200.0
2.0,1.5,1006.0,Hoboken,,,2700.0
1.0,1.0,550.0,Hoboken,,,2150.0
1.0,1.0,560.0,Hoboken,,,2200.0
1.0,1.0,733.0,Hoboken,,,1400.0
0.0,1.0,640.0,Hoboken,,,2600.0
1.0,1.0,733.0,Hoboken,,,3000.0
1.0,1.0,733.0,Hoboken,,,2000.0
1.0,1.0,733.0,Hoboken,,,2100.0
1.0,1.0,700.0,Hoboken,,,1975.0
2.0,2.0,1006.0,Hoboken,,,2550.0
1.0,1.0,733.0,Hoboken,,,3300.0
2.0,2.0,1006.0,Hoboken,1,APARTMENT,3100.0
2.0,2.0,1103.0,Hoboken,1,MULTI_FAMILY,3450.0
2.0,2.0,1103.0,Hoboken,1900,APARTMENT,3450.0
2.0,2.0,1150.0,Hoboken,1,APARTMENT,3700.0
2.0,1.0,900.0,Hoboken,1,APARTMENT,2000.0
1.0,1.0,600.0,Hoboken,1,APARTMENT,1750.0
1.0,1.0,827.0,Hoboken,1,APARTMENT,2700.0
1.0,1.0,2805.0,Hoboken,1901,APARTMENT,1750.0
1.0,1.0,750.0,Hoboken,1,APARTMENT,2799.0
2.0,1.5,1006.0,Hoboken,,,2600.0
1.0,1.0,733.0,Hoboken,,,1975.0
1.0,1.0,680.0,Hoboken,1,APARTMENT,1875.0
3.0,1.0,1000.0,Hoboken,1,APARTMENT,2850.0
1.0,1.5,895.0,Hoboken,2008,APARTMENT,3400.0
2.0,1.0,875.0,Hoboken,1,MULTI_FAMILY,3075.0
2.0,2.0,1150.0,Hoboken,1,APARTMENT,3799.0
1.0,1.0,850.0,Hoboken,1,APARTMENT,2999.0
2.0,2.0,1150.0,Hoboken,1,APARTMENT,3499.0
1.0,1.0,733.0,Hoboken,,,1700.0
1.0,1.0,750.0,Hoboken,1,APARTMENT,1800.0
3.0,2.0,1550.0,Hoboken,1,APARTMENT,4799.0
1.0,2.0,1250.0,Hoboken,1,APARTMENT,2695.0
0.0,1.0,640.0,Hoboken,1,APARTMENT,2200.0
1.0,1.0,800.0,HOBOKEN,1,APARTMENT,2300.0
3.0,2.0,1423.0,Hoboken,1,APARTMENT,5600.0
4.0,4.0,2050.0,Hoboken,1,APARTMENT,7499.0
1.0,1.0,733.0,Hoboken,,,1925.0
0.0,1.0,640.0,Hoboken,1,APARTMENT,2299.0
1.0,1.0,650.0,Hoboken,1950,APARTMENT,1800.0
2.0,1.0,750.0,Hoboken,1,APARTMENT,2650.0
2.0,1.5,1006.0,Hoboken,,,3195.0
3.0,1.0,1423.0,Hoboken,1,APARTMENT,3200.0
2.0,1.0,750.0,Hoboken,1930,APARTMENT,2700.0
1.0,1.0,733.0,Hoboken,,,1850.0
3.0,1.0,1423.0,Hoboken,1,APARTMENT,2850.0
1.0,1.0,611.0,Hoboken,1920,APARTMENT,2300.0
2.0,1.5,1006.0,Hoboken,,,2100.0
3.0,1.0,1200.0,Hoboken,1901,APARTMENT,2790.0
4.0,2.0,1450.0,Hoboken,2015,APARTMENT,4950.0
3.0,2.0,1980.0,Hoboken,2015,CONDO,10000.0
1.0,1.0,733.0,Hoboken,1,APARTMENT,2300.0
1.0,1.0,733.0,Hoboken,1,APARTMENT,2400.0
1.0,1.0,540.0,Hoboken,1,APARTMENT,2150.0
3.0,2.0,1200.0,Hoboken,1,APARTMENT,4000.0
1.0,1.0,733.0,Hoboken,1,APARTMENT,2700.0
1.0,1.0,733.0,Hoboken,1,APARTMENT,1925.0
1.0,1.0,700.0,Jersey City,1908,CONDO,1900.0
1.0,1.0,733.0,Hoboken,1,APARTMENT,2150.0
1.0,1.0,621.0,Hoboken,1901,CONDO,2500.0
2.0,1.0,1000.0,Hoboken,1,APARTMENT,2500.0
2.0,1.0,1100.0,Hoboken,1,APARTMENT,3200.0
3.0,1.5,1212.0,Hoboken,1,APARTMENT,3300.0
2.0,2.0,1000.0,Hoboken,2000,APARTMENT,3100.0
1.0,1.0,729.0,Hoboken,1901,APARTMENT,2395.0
1.0,1.0,775.0,Hoboken,1,APARTMENT,2600.0
1.0,1.0,733.0,Hoboken,1,CONDO,2600.0
2.0,2.0,900.0,Hoboken,2008,CONDO,2850.0
1.0,1.0,733.0,Hoboken,1,APARTMENT,2000.0
1.0,1.0,618.0,Hoboken,2005,APARTMENT,2195.0
0.0,1.0,200.0,Hoboken,1900,APARTMENT,1595.0
2.0,2.0,1120.0,HOBOKEN,1,CONDO,3600.0
1.0,1.0,733.0,Hoboken,,,2195.0
2.0,1.5,1006.0,Hoboken,,,2195.0
2.0,2.0,1260.0,Hoboken,1,APARTMENT,4400.0
3.0,2.0,1400.0,Hoboken,2001,APARTMENT,4050.0
1.0,1.0,780.0,Hoboken,1,APARTMENT,2800.0
2.0,1.5,1100.0,Hoboken,1,APARTMENT,4500.0
1.0,1.0,733.0,Hoboken,,,2050.0
2.0,1.5,815.0,Hoboken,1901,APARTMENT,2600.0
3.0,1.0,1100.0,Hoboken,1921,APARTMENT,3500.0
2.0,1.0,1000.0,Hoboken,1,CONDO,2800.0
2.0,1.0,650.0,Hoboken,1,MULTI_FAMILY,1975.0
1.0,1.0,600.0,Hoboken,1,APARTMENT,1850.0
3.0,2.0,1773.0,Hoboken,2008,APARTMENT,5600.0
1.0,1.0,900.0,Hoboken,1,APARTMENT,2575.0
2.0,1.5,1006.0,Hoboken,,,2750.0
0.0,1.0,640.0,Hoboken,1,APARTMENT,1900.0
1.0,1.0,530.0,Hoboken,1920,APARTMENT,2499.0
1.0,1.0,733.0,Hoboken,,,2400.0
1.0,1.0,2625.0,Hoboken,1901,APARTMENT,2250.0
2.0,2.0,1389.0,Hoboken,1,APARTMENT,3800.0
2.0,1.0,1100.0,Hoboken,2009,APARTMENT,3200.0
2.0,2.0,797.0,Hoboken,1901,APARTMENT,2650.0
3.0,2.0,1260.0,Hoboken,2002,APARTMENT,4000.0
0.0,1.0,640.0,Hoboken,1,MULTI_FAMILY,2200.0
1.0,1.0,800.0,Hoboken,1,APARTMENT,2200.0
2.0,1.5,1006.0,Hoboken,,,4150.0
2.0,1.0,1100.0,Hoboken,1,APARTMENT,3000.0
1.0,1.0,520.0,Hoboken,1,APARTMENT,2150.0
4.0,4.0,2500.0,Hoboken,1,APARTMENT,7500.0
4.0,4.0,1654.0,Hoboken,1,APARTMENT,7000.0
1.0,2.0,1250.0,Hoboken,1,APARTMENT,2695.0
1.0,1.0,800.0,Hoboken,1,APARTMENT,2900.0
3.0,2.0,1423.0,Hoboken,1,APARTMENT,4700.0
2.0,1.0,1015.0,Hoboken,1901,APARTMENT,3500.0
1.0,1.5,733.0,Hoboken,1,APARTMENT,2550.0
1.0,1.0,800.0,Hoboken,1,MULTI_FAMILY,2700.0
2.0,1.0,1006.0,Hoboken,1,APARTMENT,1900.0
1.0,1.0,500.0,Hoboken,1,MULTI_FAMILY,2400.0
3.0,2.0,1423.0,Hoboken,1,APARTMENT,4800.0
2.0,1.0,1006.0,Hoboken,1,MULTI_FAMILY,2650.0
0.0,1.0,800.0,Hoboken,,,1950.0
2.0,2.0,1002.0,Hoboken,,,3670.0
2.0,2.0,975.0,Hoboken,,,3635.0
2.0,2.0,935.0,Hoboken,,,3585.0
2.0,2.0,909.0,Hoboken,,,3575.0
2.0,2.0,900.0,Hoboken,,,3560.0
2.0,2.0,1210.0,Hoboken,,,4350.0
2.0,2.0,1167.0,Hoboken,,,4125.0
2.0,2.0,1124.0,Hoboken,,,4400.0
2.0,2.0,1174.0,Hoboken,,,3600.0
2.0,1.0,750.0,Hoboken,,,2700.0
2.0,2.0,974.0,Hoboken,,,2850.0
4.0,2.0,1300.0,Hoboken,,,4000.0
2.0,2.0,1261.0,Hoboken,,,4325.0
2.0,1.0,1006.0,Hoboken,,,2400.0
1.0,1.0,600.0,Hoboken,,,1550.0
0.0,1.0,550.0,Hoboken,,,1650.0
2.0,1.0,1006.0,Hoboken,,,2700.0
2.0,2.0,875.0,Hoboken,,,3525.0
2.0,1.0,1006.0,Hoboken,,,2300.0
2.0,1.0,800.0,Hoboken,,,2600.0
2.0,1.0,1006.0,Hoboken,,,2750.0
1.0,1.0,733.0,Hoboken,,,2100.0
2.0,1.0,546.0,Hoboken,,,2200.0
2.0,2.0,1300.0,Hoboken,,,3400.0
4.0,2.0,1654.0,Hoboken,,,6995.0
2.0,2.0,1006.0,Hoboken,1,APARTMENT,3700.0
1.0,1.0,700.0,Hoboken,1,APARTMENT,1850.0
1.0,1.0,953.0,Hoboken,1,APARTMENT,2369.0
2.0,1.0,1006.0,Hoboken,1,APARTMENT,2650.0
2.0,1.0,1006.0,Hoboken,1,APARTMENT,2650.0
2.0,1.0,585.0,Hoboken,1901,APARTMENT,2200.0
1.0,1.0,600.0,Hoboken,1,APARTMENT,2150.0
1.0,1.0,400.0,Hoboken,1,MULTI_FAMILY,2275.0
1.0,1.0,760.0,Hoboken,2017,APARTMENT,2600.0
2.0,2.0,1285.0,Hoboken,2011,CONDO,3750.0
2.0,1.0,1006.0,Hoboken,1,APARTMENT,2100.0
1.0,1.0,600.0,Hoboken,1920,APARTMENT,2150.0
0.0,1.0,575.0,Hoboken,1901,CONDO,2395.0
3.0,2.0,1310.0,Hoboken,2000,APARTMENT,4500.0
2.0,1.0,1006.0,Hoboken,1,APARTMENT,1990.0
1.0,1.0,733.0,Hoboken,1,APARTMENT,2200.0
2.0,1.0,1006.0,Hoboken,1,APARTMENT,1750.0
1.0,1.0,630.0,Hoboken,1900,APARTMENT,2369.0
2.0,1.0,635.0,Hoboken,1901,APARTMENT,2200.0
2.0,1.0,1000.0,Hoboken,1,APARTMENT,3100.0
1.0,1.0,550.0,Hoboken,1,APARTMENT,2050.0
1.0,1.0,800.0,Hoboken,1,APARTMENT,2800.0
2.0,1.0,980.0,Hoboken,1901,APARTMENT,2000.0
0.0,1.0,640.0,Hoboken,1,APARTMENT,2300.0
1.0,1.5,925.0,Hoboken,2014,CONDO,4200.0
3.0,2.0,1550.0,Hoboken,1,APARTMENT,5700.0
1.0,1.0,589.0,Hoboken,1,APARTMENT,1850.0
1.0,1.0,932.0,Hoboken,1,CONDO,3600.0
2.0,1.0,800.0,Hoboken,1,APARTMENT,1900.0
2.0,2.0,1555.0,Hoboken,1,APARTMENT,6100.0
2.0,2.0,1051.0,Hoboken,1,APARTMENT,3596.0
3.0,2.0,1585.0,Hoboken,1,APARTMENT,4999.0
2.0,1.0,1006.0,Hoboken,1,APARTMENT,2050.0
1.0,1.0,733.0,Hoboken,1,APARTMENT,2775.0
1.0,1.0,780.0,Hoboken,1,APARTMENT,2600.0
3.0,2.0,1550.0,Hoboken,1,APARTMENT,5600.0
1.0,1.0,733.0,Hoboken,1,APARTMENT,2700.0
2.0,2.0,1150.0,Hoboken,1,APARTMENT,3800.0
1.0,1.0,625.0,Hoboken,1901,APARTMENT,2700.0
2.0,1.0,1006.0,Hoboken,1,MULTI_FAMILY,2000.0
1.0,1.0,600.0,Hoboken,1921,APARTMENT,1800.0
4.0,2.0,1200.0,Hoboken,1,APARTMENT,4000.0
2.0,1.0,700.0,Hoboken,1,APARTMENT,2000.0
2.0,1.0,1006.0,Hoboken,1,APARTMENT,1650.0
2.0,1.5,1006.0,Hoboken,,,1995.0
1.0,1.0,850.0,Hoboken,1921,APARTMENT,1950.0
1.0,1.0,733.0,Hoboken,1,APARTMENT,2200.0
2.0,1.0,850.0,Hoboken,1,APARTMENT,2850.0
1.0,1.0,500.0,Hoboken,1901,APARTMENT,1950.0
2.0,1.5,1006.0,Hoboken,,,3000.0
1.0,1.0,500.0,Hoboken,1901,APARTMENT,1950.0
2.0,2.0,1200.0,Hoboken,1,APARTMENT,3600.0
1.0,1.0,700.0,Hoboken,1,APARTMENT,1795.0
2.0,1.5,1006.0,Hoboken,,,2800.0
1.0,1.0,500.0,Hoboken,1,APARTMENT,1750.0
2.0,2.0,1100.0,Hoboken,1,APARTMENT,4000.0
2.0,2.0,1132.0,Hoboken,1,APARTMENT,2750.0
1.0,1.0,780.0,Hoboken,1,APARTMENT,2800.0
3.0,2.0,1150.0,Hoboken,1932,APARTMENT,3990.0
1.0,1.0,551.0,Hoboken,2009,APARTMENT,2100.0
1.0,1.0,790.0,Hoboken,1900,CONDO,2150.0
2.0,1.0,650.0,Hoboken,1999,MULTI_FAMILY,2500.0
2.0,1.0,1006.0,Hoboken,1,APARTMENT,2050.0
2.0,1.0,681.0,Hoboken,1901,APARTMENT,2600.0
2.0,2.0,1400.0,Hoboken,1,CONDO,3500.0
1.0,1.0,500.0,Hoboken,1,CONDO,2050.0
1.0,1.0,600.0,HOBOKEN,1,APARTMENT,1750.0
1.0,1.0,529.0,Hoboken,1,CONDO,2600.0
1.0,1.0,700.0,Hoboken,1973,APARTMENT,1750.0
3.0,1.0,1000.0,Hoboken,1,APARTMENT,2100.0
2.0,1.0,850.0,Hoboken,1910,APARTMENT,2850.0
1.0,1.0,600.0,Hoboken,1,MULTI_FAMILY,2600.0
1.0,1.5,966.0,Hoboken,2006,CONDO,4400.0
2.0,1.0,850.0,Hoboken,1,APARTMENT,2895.0
1.0,1.0,733.0,Hoboken,1,APARTMENT,1700.0
2.0,1.0,1006.0,Hoboken,1,APARTMENT,2700.0
2.0,1.0,1006.0,Hoboken,1,APARTMENT,2750.0
2.0,2.0,1006.0,Hoboken,1,APARTMENT,2600.0
1.0,1.0,600.0,Hoboken,1,APARTMENT,1700.0
1.0,1.0,733.0,Hoboken,,,2443.0
3.0,1.5,1423.0,Hoboken,,,3428.0
2.0,1.0,1006.0,Hoboken,1,APARTMENT,2700.0
2.0,1.0,1006.0,Hoboken,1,APARTMENT,2600.0
3.0,1.0,1423.0,Hoboken,1900,APARTMENT,2900.0
2.0,1.0,1006.0,Hoboken,1,APARTMENT,2650.0
1.0,1.0,500.0,Hoboken,1901,APARTMENT,1750.0
2.0,2.0,825.0,Hoboken,1,APARTMENT,3130.0
1.0,1.0,733.0,Hoboken,1,APARTMENT,3000.0
1.0,1.0,900.0,Hoboken,1901,APARTMENT,1800.0
0.0,1.0,640.0,Hoboken,1,APARTMENT,2600.0
3.0,2.0,1423.0,Hoboken,1,APARTMENT,5800.0
2.0,1.0,700.0,Hoboken,1,APARTMENT,2500.0
2.0,2.0,1006.0,Hoboken,1,APARTMENT,3350.0
1.0,1.0,550.0,Hoboken,1901,APARTMENT,1550.0
1.0,1.0,733.0,Hoboken,1901,APARTMENT,2550.0
1.0,1.0,750.0,Hoboken,1889,APARTMENT,2100.0
2.0,1.5,1024.0,Hoboken,1920,CONDO,3345.0
3.0,1.0,750.0,Hoboken,1,APARTMENT,2800.0
1.0,1.0,550.0,Hoboken,1901,APARTMENT,1950.0
4.0,3.5,2800.0,Hoboken,1901,TOWNHOUSE,7495.0
1.0,1.0,475.0,Hoboken,1901,APARTMENT,2250.0
2.0,1.0,1006.0,Hoboken,1,APARTMENT,1950.0
2.0,1.0,910.0,Hoboken,1,APARTMENT,2700.0
2.0,1.5,1006.0,Hoboken,,,3100.0
3.0,1.5,1423.0,Hoboken,,,4350.0
2.0,1.0,803.0,Hoboken,1901,APARTMENT,2150.0
2.0,2.0,1064.0,Hoboken,2013,APARTMENT,2900.0
1.0,1.0,600.0,Hoboken,1,APARTMENT,1645.0
0.0,1.0,640.0,Hoboken,1,APARTMENT,1800.0
2.0,1.0,910.0,Hoboken,1,APARTMENT,2700.0
2.0,2.0,1100.0,Hoboken,1,APARTMENT,2800.0
2.0,2.0,1298.0,Hoboken,1,APARTMENT,3700.0
2.0,1.5,1006.0,Hoboken,,,1795.0
1.0,1.0,600.0,Hoboken,1,APARTMENT,2300.0
2.0,2.0,1155.0,Hoboken,2000,CONDO,3900.0
1.0,1.0,600.0,Hoboken,1,CONDO,2050.0
2.0,2.0,1120.0,Hoboken,1985,APARTMENT,3400.0
1.0,1.0,660.0,Hoboken,1905,CONDO,2200.0
1.0,1.0,700.0,Hoboken,1,APARTMENT,1800.0
1.0,1.0,800.0,Hoboken,1,APARTMENT,2900.0
2.0,2.0,1006.0,Hoboken,1,APARTMENT,4000.0
3.0,1.0,1123.0,HOBOKEN,1,APARTMENT,3300.0
3.0,1.0,1400.0,Hoboken,1,APARTMENT,2900.0
3.0,1.0,1300.0,Hoboken,1,APARTMENT,3200.0
1.0,1.0,576.0,Hoboken,1901,APARTMENT,2550.0
0.0,1.0,600.0,Hoboken,1,APARTMENT,2400.0
2.0,1.0,1006.0,Hoboken,1,APARTMENT,2100.0
2.0,2.0,1000.0,Hoboken,2005,APARTMENT,3500.0
1.0,1.0,550.0,Hoboken,1,APARTMENT,2150.0
1.0,1.0,735.0,Hoboken,1916,APARTMENT,2695.0
1.0,1.0,600.0,Hoboken,1,APARTMENT,2150.0
2.0,1.0,850.0,Hoboken,2006,APARTMENT,2000.0
1.0,1.0,733.0,Hoboken,2000,APARTMENT,2150.0
1.0,1.0,600.0,Hoboken,1901,APARTMENT,2000.0
1.0,1.0,733.0,Hoboken,1,MULTI_FAMILY,2300.0
1.0,1.0,733.0,Hoboken,,,2100.0
2.0,1.5,1006.0,Hoboken,,,2175.0
1.0,1.0,654.0,Hoboken,1910,APARTMENT,2200.0
3.0,1.0,600.0,Hoboken,1,APARTMENT,2790.0
3.0,2.0,1423.0,Hoboken,1,APARTMENT,4700.0
0.0,1.0,500.0,Hoboken,1,APARTMENT,1750.0
2.0,1.0,800.0,Hoboken,1,APARTMENT,2300.0
2.0,2.0,1150.0,Hoboken,1,APARTMENT,3400.0
3.0,3.0,1750.0,Hoboken,1,APARTMENT,3950.0
1.0,1.0,733.0,Hoboken,1,APARTMENT,2200.0
1.0,1.0,554.0,Hoboken,1987,APARTMENT,2200.0
2.0,2.0,1006.0,Hoboken,1,APARTMENT,2900.0
1.0,1.0,733.0,Hoboken,,,1775.0
2.0,1.0,815.0,Hoboken,1901,MULTI_FAMILY,2650.0
0.0,1.0,640.0,Hoboken,,,2800.0
2.0,1.5,1006.0,Hoboken,,,4150.0
1.0,1.0,700.0,Hoboken,2002,APARTMENT,2650.0
2.0,1.0,930.0,Hoboken,2004,MULTI_FAMILY,3200.0
1.0,1.0,733.0,Hoboken,,,2200.0
2.0,2.0,1050.0,Hoboken,,,3450.0
2.0,1.0,1006.0,Hoboken,,,2850.0
1.0,1.0,750.0,Hoboken,,,1850.0
2.0,1.5,1006.0,Hoboken,,,7500.0
3.0,1.5,1423.0,Hoboken,,,13000.0
1.0,1.0,733.0,Hoboken,,,1850.0
2.0,1.5,1006.0,Hoboken,,,2500.0
2.0,1.0,1006.0,Hoboken,,,2400.0
2.0,1.0,815.0,Hoboken,,,2600.0
3.0,2.0,1800.0,Hoboken,,,4800.0
2.0,1.0,1006.0,Hoboken,,,2450.0
1.0,1.0,512.0,Hoboken,,,1750.0
1.0,1.0,550.0,Hoboken,,,1950.0
2.0,1.5,835.0,Hoboken,,,2800.0
2.0,2.0,1400.0,Hoboken,,,3400.0
4.0,2.0,1654.0,Hoboken,,,4950.0
2.0,1.0,750.0,Hoboken,,,2300.0
1.0,1.0,733.0,Hoboken,,,1950.0
1.0,1.0,900.0,Hoboken,,,2400.0
1.0,1.0,603.0,Hoboken,,,2050.0
4.0,2.0,1350.0,Hoboken,,,3300.0
2.0,2.0,1175.0,Hoboken,,,3575.0
0.0,1.0,500.0,Hoboken,,,1800.0
1.0,1.0,733.0,Hoboken,,,2400.0
2.0,1.0,1100.0,Hoboken,1,APARTMENT,2175.0
2.0,1.0,1000.0,Hoboken,1,APARTMENT,2700.0
2.0,2.0,1100.0,Hoboken,2007,APARTMENT,3000.0
2.0,1.0,1006.0,Hoboken,1,APARTMENT,2150.0
4.0,1.5,1200.0,Hoboken,1,APARTMENT,3550.0
1.0,1.0,733.0,Hoboken,1,APARTMENT,1900.0
3.0,2.0,1423.0,Hoboken,1,APARTMENT,4400.0
2.0,1.0,900.0,Hoboken,1901,MULTI_FAMILY,2200.0
2.0,1.0,800.0,Hoboken,1,APARTMENT,1800.0
1.0,1.0,625.0,Hoboken,1920,APARTMENT,2200.0
2.0,1.5,1006.0,Hoboken,,,1800.0
1.0,1.0,900.0,Hoboken,2013,APARTMENT,2800.0
2.0,1.0,850.0,Hoboken,,,2000.0
1.0,1.0,869.0,Hoboken,1900,APARTMENT,2550.0
1.0,1.0,546.0,Hoboken,1910,APARTMENT,2100.0
1.0,1.0,733.0,Hoboken,,,2100.0
2.0,1.5,1006.0,Hoboken,,,2750.0
1.0,1.0,600.0,Hoboken,1901,APARTMENT,1800.0
1.0,1.0,733.0,Hoboken,,,1950.0
2.0,1.5,1006.0,Hoboken,,,2400.0
3.0,1.5,1423.0,Hoboken,,,2900.0
4.0,2.0,1654.0,Hoboken,,,3600.0
3.0,3.0,2341.0,Hoboken,2006,CONDO,6700.0
1.0,1.0,550.0,Hoboken,1,APARTMENT,1975.0
2.0,1.0,1006.0,Hoboken,1,APARTMENT,2650.0
1.0,1.0,709.0,Hoboken,1,APARTMENT,3400.0
3.0,1.5,2580.0,Hoboken,1967,APARTMENT,3500.0
2.0,1.0,700.0,Hoboken,1,APARTMENT,2775.0
2.0,2.0,1122.0,Hoboken,1,APARTMENT,4400.0
3.0,2.0,1410.0,Hoboken,1,APARTMENT,5675.0
3.0,2.0,1410.0,Hoboken,1,APARTMENT,5675.0
1.0,1.0,850.0,Hoboken,2006,APARTMENT,2675.0
1.0,1.0,454.0,Hoboken,1910,APARTMENT,2200.0
2.0,1.0,1006.0,Hoboken,1,APARTMENT,2400.0
2.0,1.0,1006.0,Hoboken,1,APARTMENT,2700.0
2.0,2.0,1490.0,Hoboken,2001,APARTMENT,3495.0
2.0,2.0,1200.0,Hoboken,1,APARTMENT,2900.0
2.0,2.0,1200.0,Hoboken,1,APARTMENT,2800.0
3.0,1.0,1600.0,Hoboken,1,APARTMENT,3200.0
1.0,1.0,733.0,Hoboken,,,1920.0
2.0,1.5,1006.0,Hoboken,,,2400.0
3.0,1.5,1423.0,Hoboken,,,2950.0
3.0,1.0,1150.0,Hoboken,1,APARTMENT,3300.0
3.0,1.0,1100.0,Hoboken,1,APARTMENT,3000.0
2.0,2.0,875.0,Hoboken,1,APARTMENT,3515.0
2.0,2.0,1150.0,Hoboken,1,APARTMENT,3950.0
1.0,1.0,733.0,Hoboken,,,2600.0
2.0,1.5,1006.0,Hoboken,,,3175.0
1.0,1.0,733.0,Hoboken,,,1920.0
2.0,1.5,1006.0,Hoboken,,,2500.0
3.0,1.5,1423.0,Hoboken,,,3100.0
4.0,2.0,1654.0,Hoboken,,,3550.0
2.0,2.0,1150.0,Hoboken,1,APARTMENT,3500.0
2.0,2.0,1100.0,Hoboken,1,APARTMENT,3500.0
1.0,1.0,500.0,Hoboken,1901,APARTMENT,1850.0
3.0,1.0,900.0,Hoboken,1,APARTMENT,2800.0
3.0,2.0,1675.0,Hoboken,1,APARTMENT,6150.0
3.0,2.0,1800.0,Hoboken,1,APARTMENT,4600.0
1.0,2.0,1037.0,Hoboken,2010,CONDO,3600.0
1.0,1.0,733.0,Hoboken,,,1950.0
2.0,1.5,1006.0,Hoboken,,,2500.0
3.0,1.5,1423.0,Hoboken,,,3100.0
4.0,2.0,1654.0,Hoboken,,,3600.0
2.0,1.0,812.0,Hoboken,1910,CONDO,3000.0
2.0,2.0,1006.0,Hoboken,1,APARTMENT,3400.0
3.0,3.5,1990.0,Hoboken,1892,SINGLE_FAMILY,7250.0
3.0,1.0,1423.0,Hoboken,1,APARTMENT,2900.0
1.0,1.0,824.0,Hoboken,1,APARTMENT,3600.0
3.0,2.0,1423.0,Hoboken,1,APARTMENT,4300.0
1.0,1.0,553.0,Hoboken,1,APARTMENT,2150.0
1.0,1.0,824.0,Hoboken,1,APARTMENT,3600.0
2.0,2.0,875.0,Hoboken,1,APARTMENT,3505.0
1.0,2.0,821.0,Hoboken,1901,APARTMENT,2600.0
1.0,1.0,943.0,Hoboken,1920,MULTI_FAMILY,2750.0
3.0,2.0,1700.0,Hoboken,1,APARTMENT,4995.0
3.0,1.0,1423.0,Hoboken,1,APARTMENT,3000.0
1.0,1.0,650.0,Hoboken,1,APARTMENT,2150.0
2.0,2.0,875.0,Hoboken,1,APARTMENT,3505.0
2.0,1.0,698.0,Hoboken,1,APARTMENT,2790.0
2.0,2.0,1075.0,Hoboken,1,APARTMENT,3300.0
2.0,2.0,1000.0,Hoboken,1,MULTI_FAMILY,2900.0
1.0,1.0,733.0,Hoboken,1,APARTMENT,2800.0
1.0,1.0,830.0,Hoboken,1920,CONDO,3000.0
4.0,3.0,2222.0,Hoboken,1900,APARTMENT,8150.0
3.0,1.0,1423.0,Hoboken,1,APARTMENT,2950.0
2.0,1.0,1006.0,Hoboken,1,MULTI_FAMILY,2200.0
3.0,2.0,700.0,Hoboken,1,APARTMENT,3150.0
2.0,3.0,1500.0,Hoboken,1901,SINGLE_FAMILY,4000.0
1.0,1.0,733.0,Jersey City,,,2150.0
2.0,1.5,1006.0,Jersey City,,,2350.0
1.0,1.0,700.0,Hoboken,1901,CONDO,2800.0
3.0,1.5,1500.0,Jersey City,,,2299.0
3.0,1.5,1500.0,Jersey City,,,2299.0
3.0,1.5,1500.0,Jersey City,,,2299.0
0.0,1.0,640.0,Jersey City,,,2415.0
1.0,1.0,733.0,Jersey City,,,2503.0
2.0,1.5,1006.0,Jersey City,,,2922.0
3.0,1.5,1423.0,Jersey City,,,4677.0
3.0,1.5,1500.0,Jersey City,,,2299.0
3.0,1.5,1500.0,Jersey City,,,2299.0
1.0,1.0,733.0,Jersey City,,,4100.0
2.0,1.5,1006.0,Jersey City,,,4250.0
3.0,1.0,1423.0,Jersey City,,,1600.0
2.0,1.0,1006.0,Jersey City,,,1599.0
2.0,1.0,1006.0,Jersey City,,,1599.0
0.0,1.0,640.0,Jersey City,,,2220.0
1.0,1.0,733.0,Jersey City,,,2550.0
2.0,1.5,1006.0,Jersey City,,,3370.0
2.0,1.0,1006.0,Jersey City,,,1599.0
2.0,1.0,1006.0,Jersey City,,,1599.0
2.0,1.0,1006.0,Jersey City,,,1599.0
2.0,1.5,1006.0,Jersey City,,,1675.0
3.0,1.5,1423.0,Jersey City,,,2299.0
0.0,1.0,640.0,Jersey City,,,2425.0
1.0,1.0,733.0,Jersey City,,,2695.0
2.0,1.5,1006.0,Jersey City,,,3850.0
1.0,1.0,733.0,Jersey City,,,2505.0
2.0,1.5,1006.0,Jersey City,,,4114.0
0.0,1.0,640.0,Jersey City,,,2675.0
1.0,1.0,733.0,Jersey City,,,2828.0
2.0,1.5,1006.0,Jersey City,,,3800.0
2.0,2.0,1300.0,Jersey City,,,2900.0
5.0,3.0,3723.0,Jersey City,,,2500.0
1.0,1.0,516.0,Jersey City,,,2200.0
3.0,3.0,1866.0,Jersey City,,,2995.0
2.0,1.5,1006.0,Jersey City,,,2200.0
1.0,1.0,626.0,Jersey City,,,2925.0
1.0,1.0,733.0,Jersey City,,,2460.0
2.0,1.5,1006.0,Jersey City,,,3766.0
2.0,1.0,869.0,Jersey City,1,APARTMENT,3564.0
1.0,1.0,733.0,Jersey City,,,1274.0
1.0,1.0,733.0,Jersey City,,,1650.0
3.0,1.5,1423.0,Jersey City,,,2600.0
0.0,1.0,640.0,Jersey City,,,1850.0
1.0,1.0,733.0,Jersey City,,,2000.0
2.0,3.0,1673.0,Jersey City,1,APARTMENT,5000.0
0.0,1.0,640.0,Jersey City,,,1195.0
1.0,1.0,733.0,Jersey City,,,1295.0
2.0,1.5,1006.0,Jersey City,,,1295.0
3.0,1.5,1423.0,Jersey City,,,1695.0
2.0,1.0,1000.0,Jersey City,1,APARTMENT,1750.0
1.0,1.0,733.0,Jersey City,,,2631.0
2.0,1.5,1006.0,Jersey City,,,3674.0
4.0,1.5,1175.0,Jersey City,1,APARTMENT,1950.0
0.0,1.0,640.0,Jersey City,,,2429.0
1.0,1.0,733.0,Jersey City,,,2971.0
2.0,1.5,1006.0,Jersey City,,,3998.0
3.0,1.5,1423.0,Jersey City,,,5153.0
1.0,1.0,766.0,Jersey City,2005,CONDO,1900.0
2.0,1.0,1006.0,Jersey City,1,APARTMENT,1799.0
1.0,1.0,792.0,Jersey City,2008,APARTMENT,2800.0
0.0,1.0,640.0,Jersey City,,,2562.0
1.0,1.0,733.0,Jersey City,,,2720.0
2.0,1.5,1006.0,Jersey City,,,4099.0
3.0,1.5,1423.0,Jersey City,,,5125.0
0.0,1.0,640.0,Jersey City,,,1590.0
1.0,1.0,733.0,Jersey City,,,2235.0
2.0,1.5,1006.0,Jersey City,,,2910.0
2.0,1.0,1006.0,Jersey City,1,APARTMENT,1650.0
1.0,1.0,789.0,Jersey City,1,APARTMENT,2395.0
2.0,1.0,900.0,Jersey City,1,APARTMENT,1750.0
1.0,1.0,733.0,Jersey City,,,3147.0
1.0,1.0,733.0,Jersey City,,,2800.0
2.0,1.5,1006.0,Jersey City,,,3970.0
0.0,1.0,640.0,Jersey City,,,2180.0
1.0,1.0,733.0,Jersey City,,,2545.0
2.0,1.5,1006.0,Jersey City,,,2690.0
3.0,1.5,1423.0,Jersey City,,,4045.0
3.0,1.0,900.0,Jersey City,1930,APARTMENT,2700.0
1.0,1.0,733.0,Jersey City,,,2900.0
3.0,1.5,1423.0,Jersey City,,,5254.0
1.0,1.0,733.0,Jersey City,,,2445.0
2.0,1.5,1006.0,Jersey City,,,3390.0
3.0,1.5,1423.0,Jersey City,,,4695.0
0.0,1.0,640.0,Jersey City,,,2335.0
1.0,1.0,733.0,Jersey City,,,2630.0
2.0,1.5,1006.0,Jersey City,,,4000.0
2.0,1.5,1006.0,Jersey City,,,1695.0
4.0,2.0,1654.0,Jersey City,,,2295.0
0.0,1.0,640.0,Jersey City,,,2191.0
1.0,1.0,733.0,Jersey City,,,2520.0
3.0,1.5,1423.0,Jersey City,,,3915.0
0.0,1.0,640.0,Jersey City,,,1495.0
1.0,1.0,733.0,Jersey City,,,1633.0
2.0,1.5,1006.0,Jersey City,,,2478.0
0.0,1.0,640.0,Jersey City,,,2283.0
1.0,1.0,733.0,Jersey City,,,2935.0
2.0,1.5,1006.0,Jersey City,,,3624.0
3.0,1.5,1423.0,Jersey City,,,5379.0
0.0,1.0,640.0,Jersey City,,,1985.0
1.0,1.0,733.0,Jersey City,,,2356.0
2.0,1.5,1006.0,Jersey City,,,3317.0
3.0,1.5,1423.0,Jersey City,,,4170.0
0.0,1.0,640.0,Jersey City,,,2162.0
1.0,1.0,733.0,Jersey City,,,2660.0
2.0,1.5,1006.0,Jersey City,,,3432.0
1.0,1.0,733.0,Jersey City,,,2370.0
2.0,1.5,1006.0,Jersey City,,,2900.0
1.0,1.0,733.0,Jersey City,,,2590.0
2.0,1.5,1006.0,Jersey City,,,2935.0
0.0,1.0,640.0,Jersey City,,,2550.0
1.0,1.0,733.0,Jersey City,,,2845.0
2.0,1.5,1006.0,Jersey City,,,4800.0
3.0,1.5,1423.0,Jersey City,,,4425.0
2.0,1.5,1006.0,Jersey City,,,3495.0
3.0,1.5,1423.0,Jersey City,,,5295.0
1.0,1.0,180.0,Jersey City,1,APARTMENT,800.0
1.0,1.0,733.0,Jersey City,,,2842.0
2.0,1.5,1006.0,Jersey City,,,4575.0
3.0,1.0,1000.0,Jersey City,1,MULTI_FAMILY,1700.0
0.0,1.0,640.0,Jersey City,,,2600.0
1.0,1.0,733.0,Jersey City,,,3050.0
2.0,1.5,1006.0,Jersey City,,,4000.0
2.0,1.0,1200.0,Jersey City,1,APARTMENT,2800.0
0.0,1.0,640.0,Jersey City,,,1950.0
2.0,2.0,1092.0,Jersey City,1,APARTMENT,2995.0
1.0,2.0,960.0,Jersey City,1,APARTMENT,2495.0
1.0,2.0,990.0,Jersey City,1,APARTMENT,2395.0
1.0,1.0,915.0,Jersey City,1,APARTMENT,2450.0
0.0,1.0,640.0,Jersey City,,,2490.0
1.0,1.0,733.0,Jersey City,,,2885.0
2.0,1.5,1006.0,Jersey City,,,3862.0
1.0,1.0,665.0,Jersey City,1,APARTMENT,2200.0
0.0,1.0,589.0,Jersey City,1,APARTMENT,1895.0
0.0,1.0,609.0,Jersey City,1,APARTMENT,1995.0
3.0,1.0,1400.0,Jersey City,1,MULTI_FAMILY,3600.0
0.0,1.0,640.0,Jersey City,,,2385.0
1.0,1.0,733.0,Jersey City,,,3033.0
2.0,1.5,1006.0,Jersey City,,,4195.0
3.0,1.5,1423.0,Jersey City,,,6263.0
3.0,2.0,1423.0,Jersey City,1,MULTI_FAMILY,1950.0
1.0,1.0,733.0,Jersey City,,,2765.0
2.0,1.5,1006.0,Jersey City,,,3925.0
3.0,1.5,1423.0,Jersey City,,,5330.0
1.0,1.0,733.0,Jersey City,,,2483.0
2.0,1.5,1006.0,Jersey City,,,3129.0
2.0,1.0,900.0,Jersey City,1,APARTMENT,1650.0
2.0,2.0,1100.0,Jersey City,1,APARTMENT,3790.0
1.0,1.0,600.0,Jersey City,1,APARTMENT,1300.0
2.0,1.5,1200.0,Jersey City,1,APARTMENT,3400.0
2.0,1.0,1006.0,Jersey City,1,APARTMENT,1650.0
3.0,2.0,1100.0,Jersey City,1,APARTMENT,2000.0
1.0,1.0,700.0,Jersey City,1,APARTMENT,1368.0
1.0,1.0,733.0,Jersey City,,,2935.0
2.0,1.5,1006.0,Jersey City,,,3890.0
0.0,1.0,640.0,Jersey City,,,2250.0
1.0,1.0,733.0,Jersey City,,,2875.0
2.0,1.5,1006.0,Jersey City,,,4200.0
0.0,1.0,640.0,Jersey City,,,2690.0
1.0,1.0,733.0,Jersey City,,,2975.0
2.0,1.5,1006.0,Jersey City,,,4015.0
1.0,1.0,600.0,Jersey City,1,APARTMENT,1400.0
1.0,1.0,733.0,Jersey City,,,1550.0
2.0,1.5,1006.0,Jersey City,,,1550.0
1.0,1.0,818.0,Jersey City,1,APARTMENT,2750.0
0.0,1.0,640.0,Jersey City,,,1122.0
1.0,1.0,733.0,Jersey City,,,2855.0
2.0,1.5,1006.0,Jersey City,,,3695.0
0.0,1.0,640.0,Jersey City,,,2750.0
2.0,1.5,1006.0,Jersey City,,,4495.0
0.0,1.0,640.0,Jersey City,,,2523.0
1.0,1.0,733.0,Jersey City,,,3112.0
2.0,1.5,1006.0,Jersey City,,,4015.0
3.0,1.5,1423.0,Jersey City,,,6716.0
2.0,1.0,1200.0,Jersey City,1928,APARTMENT,1995.0
1.0,1.0,733.0,Jersey City,,,2000.0
2.0,1.5,1006.0,Jersey City,,,2475.0
3.0,1.5,1423.0,Jersey City,,,3300.0
0.0,1.0,640.0,Jersey City,,,2295.0
1.0,1.0,733.0,Jersey City,,,2620.0
2.0,2.0,1000.0,Jersey City,1,APARTMENT,3400.0
0.0,1.0,640.0,Jersey City,,,1195.0
1.0,1.0,733.0,Jersey City,,,1195.0
2.0,2.0,1150.0,Jersey City,,,3550.0
2.0,1.0,1006.0,Jersey City,,,1650.0
2.0,1.0,1006.0,Jersey City,,,1500.0
0.0,1.0,640.0,Jersey City,,,1295.0
1.0,1.0,733.0,Jersey City,,,1625.0
3.0,1.5,1423.0,Jersey City,,,1775.0
3.0,2.0,1600.0,Jersey City,,,4950.0
0.0,1.0,640.0,Jersey City,,,1175.0
2.0,1.0,920.0,Jersey City,,,2600.0
2.0,1.0,1006.0,Jersey City,,,1700.0
3.0,1.0,1200.0,Jersey City,,,2000.0
0.0,1.0,640.0,Jersey City,,,2905.0
1.0,1.0,733.0,Jersey City,,,2660.0
2.0,1.5,1006.0,Jersey City,,,4295.0
2.0,1.5,1006.0,Jersey City,,,3495.0
1.0,1.0,626.0,Jersey City,,,2200.0
1.0,1.0,733.0,Jersey City,,,2895.0
2.0,1.5,1006.0,Jersey City,,,3850.0
3.0,1.5,1423.0,Jersey City,,,4535.0
3.0,1.0,1000.0,Jersey City,,,2000.0
1.0,1.0,733.0,Jersey City,,,2870.0
2.0,1.5,1006.0,Jersey City,,,3795.0
1.0,1.0,675.0,Jersey City,,,1585.0
0.0,1.0,640.0,Jersey City,,,2975.0
1.0,1.0,733.0,Jersey City,,,2925.0
2.0,1.5,1006.0,Jersey City,,,3845.0
1.0,1.0,733.0,Jersey City,,,3350.0
2.0,1.5,1006.0,Jersey City,,,3600.0
1.0,1.0,733.0,Jersey City,,,2695.0
2.0,1.5,1006.0,Jersey City,,,3831.0
3.0,2.0,1200.0,Jersey City,,,1650.0
4.0,1.0,1654.0,Jersey City,,,1850.0
3.0,3.0,1529.0,Jersey City,,,5378.0
1.0,1.0,733.0,Jersey City,,,1325.0
0.0,1.0,640.0,Jersey City,,,2364.0
1.0,1.0,733.0,Jersey City,,,2594.0
2.0,1.5,1006.0,Jersey City,,,3824.0
1.0,1.0,733.0,Jersey City,1,MULTI_FAMILY,1295.0
1.0,1.0,733.0,Jersey City,,,2345.0
2.0,1.5,1006.0,Jersey City,,,3348.0
0.0,1.0,640.0,Jersey City,,,2475.0
1.0,1.0,733.0,Jersey City,,,2370.0
2.0,1.5,1006.0,Jersey City,,,3975.0
2.0,1.0,1006.0,Jersey City,1,APARTMENT,2250.0
2.0,2.0,1006.0,Jersey City,1,APARTMENT,2400.0
2.0,1.0,800.0,Jersey City,1,APARTMENT,1525.0
2.0,1.0,900.0,Jersey City,1,APARTMENT,1450.0
0.0,1.0,640.0,Jersey City,,,1650.0
1.0,1.0,733.0,Jersey City,,,1825.0
2.0,2.0,1092.0,Jersey City,1,APARTMENT,2995.0
2.0,2.0,958.0,Jersey City,1,APARTMENT,2795.0
2.0,2.0,1015.0,Jersey City,1,APARTMENT,2895.0
0.0,1.0,640.0,Jersey City,,,1250.0
3.0,1.5,1423.0,Jersey City,,,1775.0
0.0,1.0,640.0,Jersey City,,,2455.0
1.0,1.0,733.0,Jersey City,,,2950.0
2.0,1.5,1006.0,Jersey City,,,3835.0
1.0,2.0,990.0,Jersey City,1,APARTMENT,2395.0
3.0,2.0,1423.0,Jersey City,1,MULTI_FAMILY,2000.0
1.0,2.0,960.0,Jersey City,1,APARTMENT,2495.0
1.0,1.0,915.0,Jersey City,1,APARTMENT,2450.0
1.0,1.0,838.0,Jersey City,1,APARTMENT,2250.0
1.0,1.0,723.0,Jersey City,1,APARTMENT,2195.0
0.0,1.0,609.0,Jersey City,1,APARTMENT,1995.0
2.0,1.0,800.0,Jersey City,1920,APARTMENT,1795.0
0.0,1.0,506.0,Jersey City,1,APARTMENT,1795.0
1.0,1.0,733.0,Jersey City,,,1395.0
3.0,1.5,1423.0,Jersey City,,,2300.0
0.0,1.0,589.0,Jersey City,1,APARTMENT,1895.0
2.0,2.0,958.0,Jersey City,1,APARTMENT,2795.0
2.0,2.0,1015.0,Jersey City,1,APARTMENT,2895.0
1.0,1.0,733.0,Jersey City,,,1395.0
3.0,1.5,1423.0,Jersey City,,,2295.0
1.0,1.0,838.0,Jersey City,1,APARTMENT,2250.0
1.0,1.0,723.0,Jersey City,1,APARTMENT,2195.0
0.0,1.0,506.0,Jersey City,1,APARTMENT,1850.0
0.0,1.0,506.0,Jersey City,1,APARTMENT,1795.0
0.0,1.0,450.0,Jersey City,1,MULTI_FAMILY,1450.0
2.0,1.0,800.0,Jersey City,1,APARTMENT,1500.0
0.0,1.0,506.0,Jersey City,1,APARTMENT,1850.0
0.0,1.0,550.0,Jersey City,1,APARTMENT,1300.0
0.0,1.0,550.0,Jersey City,1,APARTMENT,1154.0
1.0,1.0,685.0,Jersey City,1,APARTMENT,3210.0
0.0,1.0,725.0,Jersey City,1,APARTMENT,1300.0
0.0,1.0,550.0,Jersey City,1,APARTMENT,1095.0
1.0,1.0,733.0,Jersey City,,,3517.0
1.0,1.0,733.0,Jersey City,1,APARTMENT,2800.0
2.0,2.0,1015.0,Jersey City,1,APARTMENT,3895.0
3.0,2.0,1423.0,Jersey City,1,APARTMENT,3600.0
3.0,1.5,1423.0,Jersey City,,,2000.0
2.0,2.5,1297.0,Jersey City,1,SINGLE_FAMILY,5500.0
1.0,1.0,798.0,Jersey City,1,MULTI_FAMILY,2300.0
1.0,1.0,733.0,Jersey City,,,1850.0
2.0,1.5,1006.0,Jersey City,,,2250.0
3.0,2.5,1460.0,Jersey City,1,APARTMENT,5295.0
0.0,1.0,466.0,Jersey City,1,APARTMENT,1708.0
3.0,1.0,870.0,Jersey City,1,APARTMENT,1395.0
2.0,2.0,1430.0,Jersey City,1,APARTMENT,3000.0
2.0,1.0,1006.0,Jersey City,1924,APARTMENT,1750.0
1.0,1.0,650.0,Jersey City,1,APARTMENT,1397.0
1.0,1.0,950.0,Jersey City,1,APARTMENT,1200.0
2.0,2.0,725.0,Jersey City,1,APARTMENT,1995.0
2.0,1.5,1006.0,Jersey City,,,1295.0
0.0,1.0,640.0,Jersey City,,,1196.0
1.0,1.0,733.0,Jersey City,,,1295.0
2.0,2.0,921.0,Jersey City,1,APARTMENT,3755.0
4.0,1.0,1844.0,Jersey City,1,APARTMENT,1895.0
1.0,1.0,733.0,Jersey City,1,APARTMENT,1550.0
2.0,1.5,1006.0,Jersey City,,,1795.0
1.0,1.0,733.0,Jersey City,,,1850.0
0.0,1.0,644.0,Jersey City,1,APARTMENT,1700.0
0.0,1.0,640.0,Jersey City,,,998.0
1.0,1.0,733.0,Jersey City,,,1343.0
2.0,1.5,1006.0,Jersey City,,,1493.0
1.0,1.0,733.0,Jersey City,,,1650.0
3.0,1.0,1423.0,Jersey City,1,MULTI_FAMILY,1350.0
3.0,1.0,1000.0,Jersey City,1,APARTMENT,1700.0
1.0,1.0,766.0,Jersey City,2000,APARTMENT,2650.0
2.0,3.0,1297.0,Jersey City,1,APARTMENT,5500.0
2.0,1.0,725.0,Jersey City,1,APARTMENT,1445.0
0.0,1.0,640.0,Jersey City,,,1650.0
3.0,2.0,1300.0,Jersey City,2004,APARTMENT,2400.0
2.0,1.0,877.0,Jersey City,1,APARTMENT,1700.0
3.0,2.0,1423.0,Jersey City,1,MULTI_FAMILY,2475.0
2.0,1.5,1006.0,Jersey City,,,2400.0
3.0,1.0,2600.0,Jersey City,1890,APARTMENT,2100.0
2.0,1.0,1006.0,Jersey City,1,APARTMENT,1450.0
1.0,1.0,700.0,Jersey City,1,MULTI_FAMILY,1190.0
2.0,1.5,1006.0,Jersey City,,,1695.0
3.0,1.5,1423.0,Jersey City,,,1895.0
2.0,1.0,1006.0,Jersey City,1,APARTMENT,1550.0
4.0,2.0,1654.0,Jersey City,,,2000.0
2.0,1.0,550.0,Jersey City,1,APARTMENT,1200.0
2.0,1.0,1006.0,Jersey City,1,APARTMENT,1450.0
1.0,1.0,600.0,Jersey City,1,APARTMENT,1050.0
1.0,1.0,733.0,Jersey City,,,1395.0
2.0,1.0,1000.0,Jersey City,1,MULTI_FAMILY,1800.0
1.0,1.0,733.0,Jersey City,,,1295.0
1.0,1.0,733.0,Jersey City,,,1500.0
1.0,1.0,2800.0,Jersey City,1890,MULTI_FAMILY,1550.0
1.0,1.0,733.0,Jersey City,,,2450.0
2.0,1.5,1006.0,Jersey City,,,3150.0
2.0,1.5,1006.0,Jersey City,,,1500.0
1.0,1.0,400.0,Jersey City,1,APARTMENT,1900.0
1.0,1.0,733.0,Jersey City,1,APARTMENT,1640.0
2.0,1.0,1006.0,Jersey City,1,APARTMENT,1335.0
3.0,1.0,1200.0,Jersey City,1,MULTI_FAMILY,2000.0
2.0,1.5,1006.0,Jersey City,,,1295.0
3.0,1.5,1423.0,Jersey City,,,1600.0
3.0,1.0,1423.0,Jersey City,,,2199.0
3.0,2.0,1423.0,Jersey City,,,2199.0
2.0,1.5,1006.0,Jersey City,1,APARTMENT,2262.0
1.0,1.0,733.0,Jersey City,,,2125.0
2.0,1.0,1006.0,Jersey City,,,1757.0
1.0,1.0,733.0,Jersey City,,,1295.0
2.0,1.5,1006.0,Jersey City,,,1375.0
0.0,1.0,640.0,Jersey City,,,2304.0
1.0,1.0,733.0,Jersey City,,,2384.0
2.0,1.5,1006.0,Jersey City,,,3153.0
3.0,1.0,1080.0,Jersey City,,,2000.0
2.0,1.0,1500.0,Jersey City,,,2600.0
1.0,1.0,733.0,Jersey City,,,1195.0
2.0,1.0,700.0,Jersey City,,,1800.0
2.0,2.0,1211.0,Jersey City,,,3400.0
2.0,1.5,1006.0,Jersey City,,,1525.0
0.0,1.0,640.0,Jersey City,,,1047.0
2.0,1.0,900.0,Jersey City,,,1500.0
4.0,2.0,1654.0,Jersey City,,,2395.0
1.0,1.0,650.0,Jersey City,,,1373.0
0.0,1.0,640.0,Jersey City,,,1150.0
1.0,1.0,733.0,Jersey City,,,1295.0
3.0,1.5,1423.0,Jersey City,,,1795.0
2.0,1.0,800.0,Jersey City,,,1444.0
2.0,1.0,800.0,Jersey City,,,1895.0
1.0,1.0,733.0,Jersey City,,,1475.0
2.0,1.5,1006.0,Jersey City,,,1445.0
0.0,1.0,640.0,Jersey City,,,1300.0
2.0,1.5,1006.0,Jersey City,,,1950.0
1.0,1.0,733.0,Jersey City,,,1249.0
2.0,1.5,1006.0,Jersey City,,,1296.0
3.0,1.5,1423.0,Jersey City,,,1550.0
2.0,1.5,1006.0,Jersey City,,,1394.0
3.0,3.0,1500.0,Jersey City,,,3000.0
2.0,2.0,958.0,Jersey City,1,APARTMENT,2795.0
0.0,1.0,403.0,Jersey City,1,APARTMENT,2044.0
1.0,1.0,838.0,Jersey City,1,APARTMENT,2250.0
1.0,1.0,840.0,North Bergen,1,APARTMENT,2225.0
2.0,1.0,1006.0,Jersey City,1,APARTMENT,2300.0
1.0,1.0,733.0,Jersey City,1,MULTI_FAMILY,925.0
0.0,1.0,563.0,North Bergen,1,APARTMENT,1750.0
3.0,1.5,1423.0,Jersey City,,,1900.0
1.0,1.0,733.0,Jersey City,,,2300.0
2.0,1.5,1006.0,Jersey City,,,2500.0
0.0,1.0,640.0,Jersey City,,,1250.0
1.0,1.0,733.0,Jersey City,,,1650.0
3.0,1.0,1000.0,Jersey City,1,APARTMENT,1850.0
2.0,2.0,958.0,Jersey City,1,APARTMENT,2795.0
3.0,1.0,1423.0,Jersey City,1,MULTI_FAMILY,1900.0
2.0,1.5,1006.0,Jersey City,,,3200.0
2.0,2.0,1006.0,Jersey City,1,APARTMENT,2800.0
2.0,1.5,1006.0,Jersey City,,,1875.0
0.0,1.0,640.0,Jersey City,,,2000.0
1.0,1.0,733.0,Jersey City,,,1945.0
2.0,1.5,1006.0,Jersey City,,,2400.0
2.0,2.0,1116.0,Jersey City,1,MULTI_FAMILY,3450.0
0.0,1.0,640.0,Jersey City,,,1950.0
2.0,1.5,1006.0,Jersey City,,,2400.0
3.0,1.5,1423.0,Jersey City,,,3850.0
1.0,1.0,625.0,Jersey City,1,APARTMENT,1650.0
0.0,1.0,550.0,Jersey City,1,APARTMENT,1048.0
0.0,1.0,640.0,Jersey City,,,1750.0
1.0,1.0,733.0,Jersey City,,,1750.0
0.0,1.0,550.0,Jersey City,1,APARTMENT,1122.0
2.0,1.5,1006.0,Jersey City,,,1650.0
2.0,1.0,825.0,Jersey City,,,1895.0
1.0,1.0,550.0,Jersey City,1,APARTMENT,1595.0
2.0,2.0,825.0,Jersey City,,,1950.0
1.0,1.0,600.0,Jersey City,,,1375.0
3.0,1.0,1500.0,Jersey City,,,1800.0
2.0,1.0,725.0,Jersey City,,,1795.0
2.0,1.0,739.0,Jersey City,,,3000.0
3.0,1.0,450.0,Jersey City,,,1900.0
3.0,1.0,1500.0,Jersey City,,,1800.0
3.0,2.0,1423.0,Jersey City,,,2200.0
1.0,1.0,733.0,Jersey City,,,1247.0
1.0,1.0,733.0,Jersey City,,,1445.0
2.0,1.5,1006.0,Jersey City,,,1585.0
2.0,1.0,900.0,Jersey City,,,1900.0
2.0,1.0,4225.0,Jersey City,,,1400.0
3.0,1.0,1400.0,Jersey City,,,2300.0
0.0,1.0,640.0,Jersey City,,,1900.0
1.0,1.0,733.0,Jersey City,,,2600.0
2.0,1.5,1006.0,Jersey City,,,5000.0
1.0,1.0,550.0,Jersey City,1,APARTMENT,1595.0
2.0,2.0,1000.0,Jersey City,,,1700.0
2.0,2.0,1174.0,Jersey City,,,2600.0
2.0,2.0,1000.0,Jersey City,,,1700.0
3.0,2.0,1423.0,Jersey City,,,1800.0
1.0,1.0,733.0,Jersey City,,,1375.0
2.0,2.0,921.0,Jersey City,,,3830.0
2.0,2.0,1078.0,Jersey City,,,4565.0
1.0,1.0,1300.0,Jersey City,,,1800.0
2.0,2.0,921.0,Jersey City,,,3755.0
1.0,1.0,755.0,Jersey City,1,APARTMENT,3060.0
0.0,1.0,628.0,Jersey City,1,APARTMENT,2675.0
0.0,1.0,628.0,Jersey City,1,APARTMENT,2870.0
2.0,1.5,1006.0,Jersey City,,,1438.0
3.0,1.5,1423.0,Jersey City,,,1595.0
0.0,1.0,628.0,Jersey City,1,APARTMENT,2715.0
1.0,1.0,843.0,Jersey City,2006,APARTMENT,2700.0
1.0,1.0,840.0,Jersey City,1,MULTI_FAMILY,2675.0
3.0,1.0,1423.0,Jersey City,1,APARTMENT,1900.0
0.0,1.0,640.0,Jersey City,1,MULTI_FAMILY,1000.0
1.0,1.0,725.0,Jersey City,1,APARTMENT,1250.0
3.0,2.0,1680.0,Jersey City,1900,APARTMENT,2150.0
4.0,2.0,2800.0,Jersey City,1,TOWNHOUSE,7995.0
1.0,1.0,739.0,Jersey City,1,APARTMENT,3140.0
0.0,1.0,600.0,Jersey City,1,MULTI_FAMILY,1900.0
3.0,2.0,1200.0,Jersey City,1,APARTMENT,2600.0
1.0,1.0,733.0,Jersey City,1,APARTMENT,1700.0
3.0,2.0,1500.0,Jersey City,1,TOWNHOUSE,2500.0
2.0,1.0,1006.0,Jersey City,1,APARTMENT,1950.0
1.0,1.0,733.0,Jersey City,,,1550.0
1.0,1.0,1100.0,Jersey city,2007,MULTI_FAMILY,1900.0
0.0,1.0,640.0,Jersey City,1,MULTI_FAMILY,1250.0
2.0,2.0,1006.0,Jersey City,1,APARTMENT,2000.0
1.0,1.0,733.0,Jersey City,,,1350.0
3.0,1.5,1423.0,Jersey City,,,1695.0
0.0,1.0,1000.0,Jersey City,1,TOWNHOUSE,2200.0
2.0,1.0,1006.0,Jersey City,1,MULTI_FAMILY,1750.0
1.0,1.0,733.0,Jersey City,,,1325.0
2.0,1.5,1006.0,Jersey City,,,1493.0
1.0,1.0,600.0,Jersey City,1,MULTI_FAMILY,2550.0
0.0,1.0,640.0,Jersey City,,,1295.0
1.0,1.0,733.0,Jersey City,,,1595.0
1.0,1.0,760.0,Jersey City,1,APARTMENT,1250.0
0.0,1.0,640.0,Jersey City,,,1795.0
1.0,1.0,733.0,Jersey City,,,2195.0
2.0,1.5,1006.0,Jersey City,,,2495.0
0.0,1.0,640.0,Jersey City,1,APARTMENT,175.0
2.0,2.0,958.0,Jersey City,2015,APARTMENT,2795.0
1.0,1.0,600.0,Jersey City,1,APARTMENT,1700.0
1.0,1.0,600.0,Jersey City,1900,APARTMENT,1400.0
2.0,1.0,1200.0,Jersey City,1,APARTMENT,1750.0
1.0,1.0,733.0,Jersey City,,,2446.0
3.0,1.5,1423.0,Jersey City,,,4011.0
2.0,1.5,1006.0,Jersey City,,,1395.0
1.0,1.0,715.0,Jersey City,1,APARTMENT,2400.0
2.0,2.0,1000.0,Jersey City,1,APARTMENT,2450.0
0.0,1.0,640.0,Jersey City,,,1795.0
1.0,1.0,733.0,Jersey City,,,2095.0
2.0,1.5,1006.0,Jersey City,,,2795.0
3.0,1.0,1423.0,Jersey City,1,APARTMENT,1649.0
2.0,1.5,1006.0,Jersey City,,,1350.0
2.0,1.0,700.0,Jersey City,1,APARTMENT,1592.0
2.0,1.0,750.0,Jersey City,1,MULTI_FAMILY,1850.0
1.0,1.0,733.0,Jersey City,,,1324.0
2.0,1.5,1006.0,Jersey City,,,1395.0
3.0,1.5,1423.0,Jersey City,,,1750.0
1.0,1.0,733.0,Jersey City,,,3134.0
2.0,1.5,1006.0,Jersey City,,,3595.0
0.0,1.0,640.0,Jersey City,1,SINGLE_FAMILY,1060.0
1.0,1.0,733.0,Jersey City,1,APARTMENT,1300.0
5.0,2.5,5000.0,Jersey City,,,3850.0
1.0,1.0,733.0,Jersey City,1,APARTMENT,1325.0
2.0,1.0,714.0,Jersey City,,,1675.0
1.0,1.0,628.0,Jersey City,1,APARTMENT,2478.0
1.0,1.0,733.0,Jersey City,,,2750.0
1.0,1.0,733.0,Jersey City,,,1500.0
2.0,1.5,1006.0,Jersey City,,,2200.0
1.0,1.0,700.0,Jersey City,,,1600.0
3.0,1.0,1100.0,Jersey City,,,1850.0
3.0,1.5,1423.0,Jersey City,,,1799.0
3.0,1.0,1423.0,Jersey City,,,1799.0
3.0,1.0,1423.0,Jersey City,,,1799.0
3.0,1.0,850.0,Jersey City,,,1675.0
1.0,1.0,792.0,Jersey City,,,2800.0
3.0,1.0,1600.0,Jersey City,,,1750.0
1.0,1.0,733.0,Jersey City,,,1325.0
2.0,1.5,1006.0,Jersey City,,,1495.0
3.0,1.0,1500.0,Jersey City,,,1800.0
2.0,2.0,1151.0,Jersey City,,,2975.0
3.0,1.0,1423.0,Jersey City,,,1799.0
1.0,1.0,733.0,Jersey City,,,3050.0
2.0,2.0,990.0,Jersey City,,,3795.0
1.0,1.0,705.0,Jersey City,,,1295.0
1.0,1.0,578.0,Jersey City,,,1700.0
2.0,2.0,805.0,Jersey City,,,1650.0
2.0,1.0,850.0,Jersey City,,,1500.0
1.0,1.0,733.0,Jersey City,,,1225.0
2.0,1.5,1006.0,Jersey City,,,1650.0
3.0,1.5,1423.0,Jersey City,,,1800.0
3.0,1.5,1423.0,Jersey City,,,1395.0
3.0,1.5,1423.0,Jersey City,,,1595.0
4.0,4.0,2000.0,Jersey City,,,7500.0
1.0,1.0,733.0,Jersey City,,,1295.0
4.0,1.0,1654.0,Jersey City,1,MULTI_FAMILY,2200.0
1.0,1.0,733.0,Hoboken,1,APARTMENT,1975.0
1.0,1.0,733.0,Jersey City,,,1450.0
2.0,1.5,1006.0,Jersey City,,,1700.0
2.0,1.0,1006.0,Jersey City,1,MULTI_FAMILY,1500.0
2.0,2.0,1672.0,Jersey City,1,APARTMENT,4370.0
0.0,1.0,640.0,Jersey City,,,2350.0
1.0,1.0,733.0,Jersey City,,,2796.0
1.0,1.0,750.0,Jersey City,1,APARTMENT,1850.0
1.0,1.0,650.0,Jersey City,1,MULTI_FAMILY,2000.0
3.0,1.0,1000.0,Jersey City,1,APARTMENT,1900.0
1.0,1.0,733.0,Jersey City,1,APARTMENT,3000.0
2.0,1.0,1006.0,Jersey City,1,MULTI_FAMILY,1675.0
3.0,1.5,1423.0,Jersey City,,,1599.0
0.0,1.0,640.0,Jersey City,,,1225.0
1.0,1.0,733.0,Jersey City,,,1450.0
3.0,2.0,2500.0,Jersey City,1990,APARTMENT,2000.0
0.0,1.0,640.0,Jersey City,,,1099.0
1.0,1.0,733.0,Jersey City,,,1295.0
2.0,1.5,1006.0,Jersey City,,,1550.0
2.0,1.5,1006.0,Jersey City,,,1323.0
1.0,1.0,733.0,Jersey City,,,1375.0
2.0,1.5,1006.0,Jersey City,,,1995.0
3.0,1.5,1423.0,Jersey City,,,1497.0
3.0,1.0,1423.0,Jersey City,,,1700.0
1.0,1.0,733.0,Jersey City,,,1095.0
4.0,2.0,1654.0,Jersey City,,,2300.0
5.0,3.0,3723.0,Jersey City,,,2200.0
1.0,1.0,733.0,Jersey City,,,2940.0
2.0,1.5,1006.0,Jersey City,,,4000.0
2.0,1.0,1006.0,Jersey City,,,1650.0
4.0,3.0,1300.0,Jersey City,,,2350.0
5.0,4.0,2445.0,Jersey City,,,7870.0
0.0,1.0,626.0,Jersey City,,,2600.0
1.0,1.0,1500.0,Jersey City,,,5850.0
2.0,2.0,1045.0,Jersey City,,,1950.0
3.0,2.0,1320.0,Jersey City,,,3700.0
2.0,1.0,1200.0,Jersey City,,,2150.0
1.0,1.0,733.0,Jersey City,,,1595.0
1.0,1.0,800.0,Jersey City,,,1400.0
1.0,1.0,600.0,Jersey City,1,APARTMENT,2000.0
2.0,1.0,800.0,Jersey City,,,1575.0
0.0,1.0,640.0,Jersey City,,,1175.0
2.0,1.0,690.0,Jersey City,,,1450.0
2.0,2.0,990.0,Jersey City,,,2495.0
3.0,1.5,1423.0,Jersey City,,,2700.0
4.0,2.0,1654.0,Jersey City,,,3000.0
1.0,1.0,673.0,Jersey City,,,2205.0
2.0,1.5,1006.0,Jersey City,,,1347.0
3.0,1.0,1500.0,Jersey City,,,2150.0
1.0,1.0,733.0,Jersey City,,,1450.0
1.0,1.0,760.0,Jersey City,,,3085.0
2.0,2.0,1200.0,Jersey City,,,2750.0
4.0,2.5,980.0,Jersey City,,,3000.0
1.0,1.0,733.0,Jersey City,1,MULTI_FAMILY,1250.0
1.0,1.0,733.0,Jersey City,,,1275.0
2.0,1.5,1006.0,Jersey City,,,1593.0
1.0,1.0,733.0,Jersey City,1,APARTMENT,1900.0
2.0,1.5,900.0,Jersey City,1,APARTMENT,2800.0
1.0,1.0,600.0,Jersey City,1,APARTMENT,1800.0
1.0,1.0,733.0,Jersey City,,,2600.0
2.0,1.5,1006.0,Jersey City,,,4000.0
1.0,1.0,800.0,Jersey City,1,APARTMENT,1750.0
0.0,1.0,640.0,Jersey City,,,926.0
4.0,1.5,1500.0,Jersey City,1,SINGLE_FAMILY,2300.0
2.0,1.0,780.0,Jersey City,1,APARTMENT,1500.0
0.0,1.0,600.0,Jersey City,1,APARTMENT,1750.0
3.0,2.0,1300.0,Jersey City,2005,APARTMENT,2650.0
2.0,2.0,650.0,Jersey City,1,APARTMENT,2850.0
1.0,1.0,675.0,Jersey City,1,APARTMENT,1750.0
1.0,1.0,733.0,Jersey City,,,2650.0
2.0,1.5,1006.0,Jersey City,,,3450.0
2.0,1.0,1006.0,Jersey City,1,APARTMENT,1600.0
1.0,1.0,600.0,Jersey City,1,APARTMENT,2000.0
1.0,1.0,733.0,Jersey City,,,1250.0
2.0,1.5,1006.0,Jersey City,,,1525.0
1.0,1.0,733.0,Jersey City,1,MULTI_FAMILY,1395.0
2.0,2.0,1371.0,Jersey City,2010,APARTMENT,2100.0
4.0,1.0,2260.0,Jersey City,1,APARTMENT,1950.0
3.0,2.0,1110.0,Jersey City,1,APARTMENT,1850.0
1.0,1.0,725.0,Jersey City,1,MULTI_FAMILY,2450.0
0.0,1.0,640.0,Jersey City,1,APARTMENT,2695.0
2.0,1.0,650.0,Jersey City,1925,CONDO,2500.0
1.0,1.0,733.0,Jersey City,1,APARTMENT,2825.0
4.0,2.0,1654.0,Jersey City,,,2200.0
3.0,1.5,1423.0,Jersey City,,,2500.0
1.0,1.0,733.0,Jersey City,,,1285.0
2.0,1.5,1006.0,Jersey City,,,1298.0
3.0,1.5,1423.0,Jersey City,,,1550.0
1.0,1.0,700.0,Jersey City,1,APARTMENT,1375.0
3.0,1.5,1423.0,Jersey City,,,3600.0
1.0,1.0,650.0,Jersey City,1,MULTI_FAMILY,1350.0
2.0,2.0,990.0,Jersey City,1,APARTMENT,4495.0
2.0,2.0,990.0,Jersey City,1,APARTMENT,4795.0
2.0,2.0,776.0,Jersey City,1,CONDO,2200.0
3.0,1.0,1000.0,Jersey City,1,APARTMENT,1900.0
2.0,2.0,1100.0,Jersey City,1,APARTMENT,4595.0
2.0,1.0,725.0,Jersey City,1,APARTMENT,1525.0
3.0,3.0,1800.0,Jersey City,1,APARTMENT,2700.0
1.0,1.0,650.0,Jersey City,1,APARTMENT,1450.0
1.0,1.0,733.0,Jersey City,,,1985.0
2.0,1.5,1006.0,Jersey City,,,1985.0
1.0,1.0,733.0,Jersey City,,,1400.0
2.0,1.5,1006.0,Jersey City,,,1500.0
0.0,1.0,739.0,Jersey City,1,APARTMENT,2675.0
2.0,2.0,1100.0,Jersey City,1,APARTMENT,4845.0
2.0,2.0,1182.0,Jersey City,2008,APARTMENT,3750.0
2.0,1.5,1006.0,Jersey City,,,1325.0
2.0,1.0,1006.0,Jersey City,1,APARTMENT,1700.0
2.0,1.0,1006.0,Jersey City,1,TOWNHOUSE,1400.0
3.0,2.0,1423.0,Jersey City,1,APARTMENT,2400.0
3.0,1.0,900.0,Jersey City,1,APARTMENT,1895.0
2.0,1.0,1006.0,Union City,1,APARTMENT,1490.0
2.0,1.0,1006.0,Jersey City,1,APARTMENT,1699.0
1.0,1.0,680.0,Union City,1,MULTI_FAMILY,1350.0
2.0,2.0,1118.0,Union City,1957,APARTMENT,1950.0
1.0,1.0,733.0,Union City,,,2100.0
2.0,1.5,1006.0,Union City,,,2250.0
1.0,1.0,600.0,Jersey City,1,APARTMENT,2400.0
2.0,1.0,1006.0,Union City,1,APARTMENT,1700.0
2.0,1.0,900.0,Union City,2015,APARTMENT,1800.0
1.0,1.0,600.0,Jersey City,1990,APARTMENT,1150.0
2.0,1.0,1006.0,Union City,1,MULTI_FAMILY,1650.0
1.0,1.0,733.0,Union City,,,1000.0
1.0,1.0,733.0,Union City,1,APARTMENT,1300.0
2.0,1.0,1006.0,Union City,1,MULTI_FAMILY,1514.0
1.0,1.0,733.0,Union City,1,MULTI_FAMILY,1350.0
1.0,1.0,733.0,Union City,,,1500.0
2.0,1.0,1006.0,Union City,1,APARTMENT,1650.0
2.0,1.0,1006.0,Union City,1,MULTI_FAMILY,1514.0
1.0,1.0,625.0,Union City,1,CONDO,1475.0
1.0,1.0,733.0,Union City,,,1350.0
3.0,2.5,1850.0,Union City,1,MULTI_FAMILY,2795.0
1.0,1.0,733.0,Union City,1,APARTMENT,1018.0
1.0,1.0,733.0,Union City,1,APARTMENT,1395.0
1.0,1.0,733.0,Union City,,,1350.0
1.0,1.0,733.0,Union City,,,1450.0
2.0,1.5,1006.0,Union City,,,1495.0
1.0,1.0,733.0,Union City,1,APARTMENT,1395.0
2.0,1.5,1006.0,Union City,,,2200.0
1.0,1.0,733.0,Union City,,,1375.0
1.0,1.0,800.0,Union City,1925,APARTMENT,1795.0
2.0,2.0,1210.0,Union City,1,APARTMENT,2700.0
0.0,1.0,640.0,Union City,,,1250.0
1.0,1.0,733.0,Union City,,,1300.0
3.0,1.0,1423.0,Union City,1,MULTI_FAMILY,2300.0
1.0,1.0,733.0,Union City,1,APARTMENT,1350.0
2.0,2.0,1261.0,West New York,2008,MULTI_FAMILY,2500.0
1.0,1.0,695.0,Union City,1910,APARTMENT,1400.0
2.0,2.0,1134.0,Union City,1,APARTMENT,2200.0
2.0,2.0,900.0,Union City,2014,APARTMENT,2450.0
1.0,1.0,600.0,Union City,1,MULTI_FAMILY,1600.0
1.0,1.0,733.0,Union City,1,TOWNHOUSE,1600.0
3.0,1.0,950.0,Union City,1,APARTMENT,2100.0
1.0,1.0,726.0,Union City,1,APARTMENT,1875.0
2.0,1.0,1006.0,Union City,1,APARTMENT,1600.0
3.0,2.0,1423.0,Union City,1,APARTMENT,2300.0
2.0,1.0,1100.0,Union City,1,APARTMENT,2000.0
3.0,1.0,2864.0,Union City,1,APARTMENT,2000.0
4.0,1.0,1200.0,Union City,1898,APARTMENT,2500.0
1.0,1.0,500.0,Union City,1,APARTMENT,1375.0
1.0,1.0,733.0,Union City,,,1450.0
3.0,1.0,1000.0,Union City,1,APARTMENT,1975.0
2.0,1.5,1006.0,Union City,,,2450.0
1.0,1.0,733.0,Union City,1,MULTI_FAMILY,1425.0
2.0,1.5,684.0,Union City,1880,SINGLE_FAMILY,3250.0
2.0,0.5,1006.0,Union City,,,1495.0
1.0,1.0,733.0,Union City,,,1350.0
2.0,2.0,1000.0,Union City,,,2400.0
4.0,3.0,2000.0,Union City,1897,APARTMENT,3195.0
0.0,1.0,500.0,Union City,,,2000.0
0.0,1.0,640.0,Union City,,,1600.0
1.0,1.0,733.0,Union City,,,1800.0
3.0,2.0,1300.0,Union City,,,2600.0
1.0,1.0,513.0,Union City,,,1250.0
1.0,1.0,733.0,Union City,,,1495.0
2.0,1.5,1006.0,Union City,,,1495.0
3.0,1.0,1700.0,Union City,,,2100.0
2.0,1.5,1006.0,Union City,,,1450.0
1.0,1.0,733.0,Union City,,,1650.0
3.0,1.5,1423.0,Union City,,,2400.0
3.0,1.0,2864.0,Union City,,,2000.0
1.0,1.0,733.0,Union City,,,1500.0
1.0,1.0,733.0,Union City,,,1350.0
1.0,1.0,733.0,Union City,,,1295.0
2.0,2.0,1006.0,Union City,,,2200.0
3.0,2.0,1696.0,Union City,,,4400.0
1.0,1.0,733.0,Union City,,,1425.0
1.0,1.0,733.0,Union City,,,1425.0
1.0,1.0,650.0,Union City,,,1395.0
1.0,1.0,690.0,Union City,,,1395.0
1.0,1.0,733.0,Union City,,,1395.0
1.0,1.0,733.0,Union City,,,1375.0
3.0,1.5,1423.0,UNION CITY,,,2295.0
1.0,1.0,733.0,Union City,,,1395.0
2.0,1.5,1006.0,Union City,,,2250.0
2.0,1.0,900.0,Union City,1,APARTMENT,1650.0
1.0,1.0,733.0,Union City,,,1795.0
2.0,1.5,1006.0,Union City,,,3200.0
0.0,1.0,640.0,Union City,1,APARTMENT,1400.0
2.0,2.0,930.0,Union City,1,MULTI_FAMILY,2150.0
1.0,1.0,600.0,Union City,1800,MULTI_FAMILY,1350.0
1.0,1.0,733.0,Union City,1,MULTI_FAMILY,1395.0
1.0,1.0,733.0,Union City,1,MULTI_FAMILY,1395.0
3.0,1.5,1423.0,Union City,,,2300.0
2.0,1.0,1006.0,Union City,1,MULTI_FAMILY,1495.0
2.0,1.5,1006.0,Union City,,,2375.0
1.0,1.0,733.0,Union City,,,2500.0
2.0,1.5,1006.0,Union City,,,2300.0
2.0,1.5,1006.0,Union City,,,2400.0
1.0,1.0,733.0,Union City,,,2100.0
2.0,1.5,1006.0,Union City,,,2250.0
3.0,1.0,1300.0,Union City,1,APARTMENT,2100.0
1.0,1.0,733.0,Union City,1,APARTMENT,1395.0
2.0,1.0,1006.0,Union City,2015,MULTI_FAMILY,1850.0
3.0,1.0,1423.0,Union City,1,APARTMENT,2650.0
2.0,1.0,1006.0,Union City,1,MULTI_FAMILY,1450.0
2.0,1.0,800.0,Union City,1,APARTMENT,1850.0
3.0,1.0,980.0,Union City,1970,APARTMENT,1845.0
3.0,1.0,2700.0,Union City,1892,MULTI_FAMILY,1995.0
1.0,1.0,733.0,Union City,,,1950.0
2.0,1.5,1006.0,Union City,,,3200.0
1.0,1.0,1760.0,Union City,1,APARTMENT,1550.0
3.0,1.0,1423.0,Union City,1,APARTMENT,2200.0
3.0,1.0,1423.0,Union City,1,MULTI_FAMILY,2200.0
1.0,1.0,733.0,Union City,,,2175.0
1.0,1.0,733.0,Union City,1,APARTMENT,1350.0
2.0,1.0,1200.0,Union City,1,MULTI_FAMILY,2285.0
2.0,1.0,1000.0,Union City,1,APARTMENT,1900.0
1.0,1.0,600.0,Union City,1,APARTMENT,1395.0
3.0,3.0,1529.0,Union City,1,APARTMENT,2700.0
0.0,1.0,1600.0,Union City,1,APARTMENT,5000.0
2.0,1.0,1250.0,Union City,1,APARTMENT,2300.0
1.0,1.0,550.0,Union City,1910,MULTI_FAMILY,1350.0
1.0,1.0,550.0,Union City,1,APARTMENT,1350.0
1.0,1.0,733.0,Union City,,,1450.0
3.0,1.5,1423.0,Union City,,,1999.0
1.0,1.0,450.0,Union City,1,APARTMENT,1395.0
1.0,1.0,800.0,Union City,1,APARTMENT,1650.0
1.0,1.0,733.0,Union City,1,APARTMENT,1350.0
2.0,1.0,1006.0,Union City,1,APARTMENT,1495.0
2.0,1.0,1006.0,Union City,1,MULTI_FAMILY,1850.0
2.0,1.0,575.0,Union City,1910,APARTMENT,1500.0
2.0,1.0,1006.0,Union City,1,APARTMENT,1499.0
2.0,1.5,1006.0,Union City,,,2250.0
2.0,1.0,575.0,Union City,1,APARTMENT,1499.0
2.0,1.0,1006.0,Union City,1,APARTMENT,1950.0
1.0,1.0,739.0,Union City,1,MULTI_FAMILY,1650.0
3.0,1.0,2090.0,Union City,1900,TOWNHOUSE,2300.0
2.0,1.0,800.0,Union City,1,APARTMENT,1839.0
2.0,1.0,1006.0,Union City,1,APARTMENT,2000.0
2.0,1.0,600.0,Union City,1,APARTMENT,1595.0
2.0,1.0,750.0,Union City,1950,MULTI_FAMILY,1475.0
2.0,1.0,1006.0,Union City,2016,APARTMENT,1800.0
2.0,1.5,1006.0,Union City,,,1900.0
3.0,1.5,1423.0,Union City,,,1900.0
1.0,1.0,733.0,Union City,,,1395.0
3.0,1.0,2830.0,Union City,1990,TOWNHOUSE,2195.0
3.0,2.0,1350.0,Union City,1,APARTMENT,2350.0
2.0,1.5,1006.0,Union City,,,2200.0
3.0,1.5,1100.0,Union City,1,APARTMENT,2000.0
3.0,1.0,995.0,Union City,1,APARTMENT,2050.0
2.0,1.0,1006.0,Union City,1,APARTMENT,1800.0
1.0,1.0,733.0,Union City,,,1350.0
2.0,1.5,1006.0,Union City,,,1875.0
3.0,1.0,1000.0,Union City,1897,MULTI_FAMILY,1875.0
0.0,1.0,580.0,Union City,1,APARTMENT,1475.0
3.0,2.0,1423.0,Union City,1,MULTI_FAMILY,2200.0
3.0,1.0,1423.0,Union City,1,MULTI_FAMILY,1950.0
3.0,2.0,1423.0,Union City,1,APARTMENT,2200.0
2.0,1.0,1450.0,Union City,2005,APARTMENT,2395.0
3.0,1.5,1423.0,Union City,,,2850.0
2.0,1.0,1200.0,Union City,1917,APARTMENT,1650.0
2.0,1.0,1000.0,Union City,1,APARTMENT,1800.0
1.0,1.0,733.0,Union City,,,1250.0
3.0,2.0,1700.0,North Bergen,2008,CONDO,2800.0
2.0,1.0,800.0,Union City,1,APARTMENT,1700.0
0.0,1.0,1750.0,Union City,1,TOWNHOUSE,1950.0
0.0,1.0,565.0,Union City,,,1700.0
1.0,1.0,733.0,Union City,,,2150.0
2.0,2.0,1006.0,Union City,,,2250.0
2.0,1.0,1000.0,Union City,,,1700.0
3.0,1.0,927.0,Union City,,,1895.0
1.0,1.0,700.0,Union City,,,1450.0
2.0,1.0,780.0,Union City,,,1950.0
1.0,1.0,700.0,Union City,,,1900.0
2.0,1.0,1006.0,Union City,,,1800.0
2.0,1.0,765.0,Union City,,,1900.0
1.0,1.0,733.0,Union City,,,1200.0
1.0,1.0,733.0,Union City,,,1800.0
3.0,1.5,1423.0,Union City,,,3600.0
3.0,1.0,1150.0,Union City,,,2150.0
1.0,1.5,800.0,Union City,,,1700.0
2.0,1.0,1006.0,Union City,,,2200.0
1.0,1.0,733.0,Union City,,,1350.0
2.0,1.0,1006.0,Union City,,,1800.0
2.0,2.0,1006.0,Union City,,,1995.0
1.0,1.0,733.0,Union City,,,1350.0
1.0,1.0,733.0,Union City,,,1275.0
2.0,1.0,1000.0,Union City,,,1850.0
1.0,1.0,733.0,Union City,,,1875.0
2.0,1.5,1006.0,Union City,,,2300.0
3.0,1.5,1423.0,Union City,,,3300.0
2.0,2.0,1100.0,Hoboken,,,2700.0
2.0,1.0,800.0,Union City,,,1800.0
3.0,1.0,1300.0,Union City,,,2500.0
3.0,2.0,3080.0,Union City,,,2975.0
4.0,1.5,1400.0,Union City,,,2750.0
2.0,1.0,1006.0,Union City,,,1650.0
2.0,1.0,1006.0,Union City,,,1650.0
3.0,1.5,900.0,Union City,,,2100.0
2.0,2.0,1450.0,Jersey City,,,2400.0
3.0,2.0,1423.0,Union City,,,2500.0
2.0,1.0,750.0,Union City,,,1645.0
0.0,1.0,1300.0,Union City,,,2600.0
3.0,1.0,1000.0,Union City,,,2000.0
1.0,1.0,733.0,Union City,,,2150.0
2.0,1.5,1006.0,Union City,,,2625.0
2.0,2.0,1030.0,Union City,,,2400.0
1.0,1.0,733.0,Union City,,,1500.0
2.0,1.0,650.0,Union City,,,1590.0
3.0,2.0,1500.0,Union City,,,2000.0
1.0,1.0,733.0,Union City,,,1550.0
3.0,1.0,1200.0,Union City,,,2250.0
2.0,1.0,1000.0,Union City,,,1900.0
3.0,1.0,2000.0,Union City,,,2650.0
1.0,1.0,800.0,Union City,,,1750.0
3.0,1.5,1423.0,Union City,,,2300.0
2.0,1.0,1000.0,Union City,,,1900.0
3.0,2.0,1600.0,Union City,,,2500.0
2.0,2.0,1100.0,Union City,,,2000.0
4.0,2.0,600.0,Union City,,,4000.0
3.0,1.0,1423.0,Union City,,,2300.0
1.0,1.0,600.0,Union City,,,1750.0
2.0,1.0,1006.0,Union City,,,2000.0
1.0,1.0,525.0,Union City,,,1425.0
1.0,1.0,733.0,Union City,,,1395.0
1.0,1.0,543.0,Union City,,,1400.0
1.0,1.0,724.0,Union City,,,1800.0
2.0,2.0,1250.0,Union City,,,2300.0
